,Category,Link,Time,Title
0,社會,http://www.ettoday.net/news/20150614/520775.htm,2015-06-14,快訊／七堵行政大樓停車場　男在車內燒炭亡 
1,社會,http://www.ettoday.net/news/20150614/520711.htm,2015-06-14,勇消忍800度高溫無力跪地　吸幾口氧氣後...再回頭滅火 
2,社會,http://www.ettoday.net/news/20150614/520708.htm,2015-06-14,快訊／不滿女友提分手　越男攀爬桃市府跳樓 
3,社會,http://www.ettoday.net/news/20150614/520737.htm,2015-06-14,也是災情？情侶騎車遇暴雨　男自己穿雨衣女暴怒打他 
4,社會,http://www.ettoday.net/news/20150614/520700.htm,2015-06-14,擔心遭撿屍…竹科女喝醉到超商休息　色男猥褻還洗劫 
5,社會,http://www.ettoday.net/news/20150614/520724.htm,2015-06-14,替代役男割草猝死　母自責：教兒忍耐，笨媽反害死他 
6,社會,http://www.ettoday.net/news/20150614/520690.htm,2015-06-14,快訊／騎單車被轉彎砂石車輾過　屏東鹽埔母女雙亡 
7,社會,http://www.ettoday.net/news/20150614/520640.htm,2015-06-14,為平板推同學撞車？少年母：玩笑話，不小心拉扯 
8,社會,http://www.ettoday.net/news/20150614/520621.htm,2015-06-14,美好回憶毀了...惡鄰占地拆房變賣　阿嬤老家變停車格 
9,社會,http://www.ettoday.net/news/20150614/520593.htm,2015-06-14,2屁孩拒攔檢快閃鑽小巷　警連開28張紅單罰3萬 
10,社會,http://www.ettoday.net/news/20150614/520596.htm,2015-06-14,國中兒遭推撞車臉半毀不敢喊痛　母：心快痛死了 
11,社會,http://www.ettoday.net/news/20150614/520554.htm,2015-06-14,戴「豬頭」面具偷遍桃園　警看監視器畫面忍不住笑了 
12,社會,http://www.ettoday.net/news/20150614/520531.htm,2015-06-14,「你死了平板就我的」　國二生推同學撞車挨告 
13,社會,http://www.ettoday.net/news/20150614/520516.htm,2015-06-14,牙齒磨成粉末驗DNA　鑑識專家：堅固不易毀壞骨髓易保存 
14,社會,http://www.ettoday.net/news/20150614/520440.htm,2015-06-14,想吃狗肉強行拖走家犬　越南移工強辯「沒吃到」送辦 
15,社會,http://www.ettoday.net/news/20150613/520400.htm,2015-06-14,見檳榔西施「胸器」逼人　色狼凍未條強「摸兩粒」 
16,社會,http://www.ettoday.net/news/20150613/520488.htm,2015-06-14,追來了！載兒超併排車遭亮槍「砰砰」射車　駕駛嚇到麻 
17,社會,http://www.ettoday.net/news/20150613/520434.htm,2015-06-14,五子命案白骨DNA報告確認後結案　若非劉姓夫妻將併查 
18,社會,http://www.ettoday.net/news/20150613/520079.htm,2015-06-14,快訊／五子命案白骨拼圖　傳DNA結果是劉志勤、林真米 
19,社會,http://www.ettoday.net/news/20150613/520369.htm,2015-06-14,這你也信？男誆「老蔣5千噸黃金存單」　騙到210萬 
20,社會,http://www.ettoday.net/news/20150613/520345.htm,2015-06-14,濃濃黑煙！小琉球瓦斯氣爆　3員工灼傷送醫 
21,社會,http://www.ettoday.net/news/20150613/520339.htm,2015-06-14,詐領司機薪水給女兒繳貸款　雲林口湖鄉長遭羈押禁見 
22,社會,http://www.ettoday.net/news/20150613/520304.htm,2015-06-14,半年做一次...夫迷上養生館E奶按摩女　人妻被冷落報警 
23,社會,http://www.ettoday.net/news/20150613/520248.htm,2015-06-14,成功嶺役男烈日下割草暴斃　母：兒曾反應「在地獄」 
24,社會,http://www.ettoday.net/news/20150613/520294.htm,2015-06-14,19歲男1年騙4千萬　抓大把鈔票PO臉書炫富 
25,社會,http://www.ettoday.net/news/20150613/520288.htm,2015-06-14,62歲婦搶78歲翁7200元生活費　「點點衣」露餡被逮 
26,社會,http://www.ettoday.net/news/20150613/520293.htm,2015-06-14,快訊／板橋工地驚傳鷹架倒塌　1人受傷送醫1人受困中 
27,社會,http://www.ettoday.net/news/20150613/520241.htm,2015-06-14,癡戀男跟蹤騷擾5年　黃女拿到保護令：這真的有效嗎？ 
28,社會,http://www.ettoday.net/news/20150613/520238.htm,2015-06-14,五子命案最後一塊拼圖？兩具白骨如果不是劉志勤夫婦… 
29,社會,http://www.ettoday.net/news/20150613/520229.htm,2015-06-14,6月大女嬰放冰櫃「涼一下」引罵　老爸澄清只放幾秒 
30,大陸,http://www.ettoday.net/news/20150614/520664.htm,2015-06-14,「怪我自己貪心」　湖南股民賠光850萬跳樓亡 
31,大陸,http://www.ettoday.net/news/20150614/520491.htm,2015-06-14,促進兩岸交流　俞正聲：將開放台胞赴陸免簽 
32,大陸,http://www.ettoday.net/news/20150614/520577.htm,2015-06-14,「當年柯P也不看好」　部分台商組後援會挺洪秀柱 
33,大陸,http://www.ettoday.net/news/20150614/520581.htm,2015-06-14,即／陸政協主席俞正聲：台胞往來將免簽注，實施卡式台胞證 
34,大陸,http://www.ettoday.net/news/20150614/520549.htm,2015-06-14,東方之星船難442死　 獲救者「下修」為12人遭質疑 
35,大陸,http://www.ettoday.net/news/20150614/520547.htm,2015-06-14,強化對釣魚台的監控　傳大陸在溫州建基地 
36,大陸,http://www.ettoday.net/news/20150614/520505.htm,2015-06-14,旅韓發燒疑染MERS　武漢女入院等10分不耐煩強行離院 
37,大陸,http://www.ettoday.net/news/20150613/520500.htm,2015-06-14,大逆轉！湖南小姊妹被毒死　12歲男童坦承下毒 
38,大陸,http://www.ettoday.net/news/20150613/520182.htm,2015-06-14,海峽論壇期間將二會陳福海　張志軍：會回饋金門 
39,大陸,http://www.ettoday.net/news/20150613/520394.htm,2015-06-14,武漢地鐵秀比基尼「撕衣」快閃　網友卻狠批：引誘犯罪 
40,大陸,http://www.ettoday.net/news/20150613/520365.htm,2015-06-14,浙江師範女大生拍「一字馬」畢業照　顏值高身段好 
41,大陸,http://www.ettoday.net/news/20150613/520315.htm,2015-06-14,「我的命也是他們救的」　淋巴癌媽媽25年養75個孤兒　 
42,大陸,http://www.ettoday.net/news/20150613/520301.htm,2015-06-14,「秦始皇」也要排隊看婦科？　其實是大陸大媽啦 
43,大陸,http://www.ettoday.net/news/20150613/520268.htm,2015-06-14,4兄妹缺乏父母關愛自殺！　13歲長子：死是多年的夢想 
44,大陸,http://www.ettoday.net/news/20150613/520049.htm,2015-06-14,肥嘟嘟蟻后竟活了40年！　瀘州地下4公尺挖出白蟻王國 
45,大陸,http://www.ettoday.net/news/20150612/520180.htm,2015-06-14,大陸福建鼓勵台青前往創業　自貿區青創基地已有22台企 
46,大陸,http://www.ettoday.net/news/20150612/520164.htm,2015-06-14,汨羅發現戰國古墓　出土2千年前「四不像」鎮墓獸 
47,大陸,http://www.ettoday.net/news/20150612/520151.htm,2015-06-14,關鍵字「青年、基層、所有觀眾」　海峽論壇增4活動 
48,大陸,http://www.ettoday.net/news/20150612/520134.htm,2015-06-14,港姐選拔「差很大」　翻版徐玄、楊采妮及谷胸武則天 
49,大陸,http://www.ettoday.net/news/20150612/520048.htm,2015-06-14,浙江神秘村落！　藏身海島有如「現實版天空之城」 
50,大陸,http://www.ettoday.net/news/20150612/519878.htm,2015-06-14,男友嫌她身材　24歲重慶女練「反手摸肚臍」脫臼啦 
51,大陸,http://www.ettoday.net/news/20150612/519856.htm,2015-06-14,自己打造一房一廳！　老人獨居「西岩洞」11年 
52,大陸,http://www.ettoday.net/news/20150612/520004.htm,2015-06-14,沒在開玩笑！「史上最銷魂斑馬線」左轉右轉傻傻分不清 
53,大陸,http://www.ettoday.net/news/20150612/520001.htm,2015-06-14,塗上「855」舷號　中國最新電子偵察船準備服役 
54,大陸,http://www.ettoday.net/news/20150612/519974.htm,2015-06-14,被蚊子「叮」到左眼角膜　溫州女子差點瞎了 
55,大陸,http://www.ettoday.net/news/20150612/519947.htm,2015-06-14,香港球迷狂噓國歌　央視名嘴：真夠噁心！擊敗他們！ 
56,大陸,http://www.ettoday.net/news/20150612/519919.htm,2015-06-14,船也能「撿」到？　福建漁民台灣海峽拖回神秘巨輪 
57,大陸,http://www.ettoday.net/news/20150612/519842.htm,2015-06-14,清晨爆炸巨響！　葫蘆島市公寓瞬間「切一半」 
58,大陸,http://www.ettoday.net/news/20150612/519879.htm,2015-06-14,MERS擴散　大陸要求往來南韓航班加強防疫 
59,大陸,http://www.ettoday.net/news/20150612/519837.htm,2015-06-14,湖南小姐妹撿垃圾堆食物　誤食「毒鼠強」倒地身亡 
60,國際,http://www.ettoday.net/news/20150614/520765.htm,2015-06-14,討喜的圓滾大眼　「外星眼喵喵」其實飽受疾病摧殘 
61,國際,http://www.ettoday.net/news/20150614/520682.htm,2015-06-14,這款母親！2女兒被繼父性侵還染愛滋　母不信還怪說謊 
62,國際,http://www.ettoday.net/news/20150614/520675.htm,2015-06-14,喬治亞暴雨沖破動物園　獅子、河馬全出來逛大街 
63,國際,http://www.ettoday.net/news/20150614/520537.htm,2015-06-14,北韓歐爸魅力不再？　外媒眼尖發現金正恩爆肥+長白髮 
64,國際,http://www.ettoday.net/news/20150614/520616.htm,2015-06-14,敢跑就死定！北韓在邊界埋地雷　防止居民叛逃 
65,國際,http://www.ettoday.net/news/20150614/520649.htm,2015-06-14,MERS隔離人數1天暴增842人　三星首爾醫院緊急關閉門診 
66,國際,http://www.ettoday.net/news/20150614/520529.htm,2015-06-14,簡單變成超美瘦子？　健身教練教你拍照1秒「沒肉肉」 
67,國際,http://www.ettoday.net/news/20150614/520638.htm,2015-06-14,61歲朴姓患者宣告不治！　南韓MERS死亡人數累積至15名 
68,國際,http://www.ettoday.net/news/20150614/520540.htm,2015-06-14,2歲小女孩得知妹妹出生　崩潰搥牆：不！！！ 
69,國際,http://www.ettoday.net/news/20150614/520542.htm,2015-06-14,好心碎！士兵水砲逼退拒入境　難民爭先恐後只為有水喝 
70,國際,http://www.ettoday.net/news/20150614/520569.htm,2015-06-14,為嫁丹麥王子除刺青　上空女模麻雀變鳳凰 
71,國際,http://www.ettoday.net/news/20150614/520546.htm,2015-06-14,英女王生日閱兵！喬治小王子超萌　完全搶走壽星風采 
72,國際,http://www.ettoday.net/news/20150613/520406.htm,2015-06-14,世界最黑小孩超可愛　真實性卻引發質疑 
73,國際,http://www.ettoday.net/news/20150613/520381.htm,2015-06-14,違法又怎樣？印度廣告破天荒　以女同志為主角 
74,國際,http://www.ettoday.net/news/20150613/520353.htm,2015-06-14,鳥類學家舉行投票　知更鳥當選英國國鳥 
75,國際,http://www.ettoday.net/news/20150613/520267.htm,2015-06-14,馬投書華爾街日報　保留中華民國總統職稱 
76,國際,http://www.ettoday.net/news/20150613/520307.htm,2015-06-14,判決出爐！大馬神山上尿尿　判蹲3天牢繳4萬罰款　 
77,國際,http://www.ettoday.net/news/20150613/520239.htm,2015-06-14,非洲巨鼠是找地雷「英雄」　人類工作5天牠們只要20分 
78,國際,http://www.ettoday.net/news/20150613/520281.htm,2015-06-14,總裁妻告媽媽桑通姦　法官：有金錢往來就不算！ 
79,國際,http://www.ettoday.net/news/20150613/520305.htm,2015-06-14,南韓MERS已14死　世衛：疫情規模「大而複雜」 
80,國際,http://www.ettoday.net/news/20150613/520260.htm,2015-06-14,因隔離無法為染MERS父送終　兒慟：連骨灰盒都不能抱 
81,國際,http://www.ettoday.net/news/20150613/520290.htm,2015-06-14,美國打IS日噴2.7億　民怒：跟中國借錢打仗意義在哪？ 
82,國際,http://www.ettoday.net/news/20150613/520230.htm,2015-06-14,美老師變賣25年珍藏玩具　只為幫病童買更安全的輪椅 
83,國際,http://www.ettoday.net/news/20150613/520235.htm,2015-06-14,救護車駕駛成第四波感染者！　南韓MERS再增1死12例 
84,國際,http://www.ettoday.net/news/20150613/520043.htm,2015-06-14,薩魯曼的前世今生  克里斯多夫李是「最正宗吸血鬼」！ 
85,國際,http://www.ettoday.net/news/20150613/520218.htm,2015-06-14,韓2名7旬MERS患者不治　死亡人數增至13 
86,國際,http://www.ettoday.net/news/20150613/520220.htm,2015-06-14,南韓7歲小學生疑染MERS居家隔離 
87,國際,http://www.ettoday.net/news/20150612/520193.htm,2015-06-14,澳洲老翁擁「特殊血液」　捐血上千次拯救200萬名嬰兒 
88,國際,http://www.ettoday.net/news/20150612/520125.htm,2015-06-14,台男卡在澳洲「烏魯魯」岩縫　出動直升機救出骨折的他 
89,國際,http://www.ettoday.net/news/20150612/520142.htm,2015-06-14,王室第1人因逃稅洗錢受審　國王裁撤西班牙公主頭銜 
90,3C,http://www.ettoday.net/news/20150613/518919.htm,2015-06-14,Smile Suggest 好神奇！只要微笑就能幫你保存網頁 
91,3C,http://www.ettoday.net/news/20150613/520214.htm,2015-06-14,《東森新聞雲》掌握新媒體快速崛起　兩岸產學界驚豔 
92,3C,http://www.ettoday.net/news/20150613/519813.htm,2015-06-14,iPhone 16G 不夠用？　蘋果：是因為使用方法錯誤 
93,3C,http://www.ettoday.net/news/20150612/520155.htm,2015-06-14,Apple Music抵台？KKBOX董事總經理：獨立音樂應受重視 
94,3C,http://www.ettoday.net/news/20150612/520114.htm,2015-06-14,虛擬實境時代來臨！微軟將與Oculus合推虛擬實境裝置 
95,3C,http://www.ettoday.net/news/20150612/519769.htm,2015-06-14,Sony Xperia Z3+ 與 M4 Aqua 台灣售價提前流出 
96,3C,http://www.ettoday.net/news/20150611/519057.htm,2015-06-14,隨便玩都超有藝術感！不能錯過的分區濾鏡App特蒐 
97,3C,http://www.ettoday.net/news/20150611/519604.htm,2015-06-14,小米台灣 2 週年慶　藍色小米路由器mini限量開賣 
98,3C,http://www.ettoday.net/news/20150611/519580.htm,2015-06-14,傳 Apple Music 將在台降價上線　每個月改為 150 元 
99,3C,http://www.ettoday.net/news/20150611/519472.htm,2015-06-14,蘋果在台經銷通路首推APP開發講座搶攻 300 億美元市場 
100,3C,http://www.ettoday.net/news/20150611/519034.htm,2015-06-14,超強療癒系吉祥物出頭天！　會按摩的「船梨精滑鼠」 
101,3C,http://www.ettoday.net/news/20150611/519278.htm,2015-06-14,拚品質！台灣之星與韓國 LG U+ 技術合作VOLTE好聲音 
102,3C,http://www.ettoday.net/news/20150610/518858.htm,2015-06-14,蘋果 iOS 9 新功能！讓 Android 用戶無痛搬家 
103,3C,http://www.ettoday.net/news/20150610/519093.htm,2015-06-14,高品質語音通話來臨！遠傳宣布即日起推出 VoLTE 通話 
104,3C,http://www.ettoday.net/news/20150610/518819.htm,2015-06-14,迎戰 Google Map！新版 Apple Map 教你怎麼走 
105,3C,http://www.ettoday.net/news/20150610/519023.htm,2015-06-14,幫 KKBOX 改頭換面！即日起新增多款特色面板 
106,3C,http://www.ettoday.net/news/20150610/518880.htm,2015-06-14,微軟人臉辨識第二彈　twinsornot找出誰跟你最像雙胞胎 
107,3C,http://www.ettoday.net/news/20150610/517962.htm,2015-06-14,質感女孩必備！夢幻北歐風情濾鏡《Uptown & Co.》 
108,3C,http://www.ettoday.net/news/20150610/518949.htm,2015-06-14,缺人啊！羅技宣布在台成立亞太區首支設計團隊 
109,3C,http://www.ettoday.net/news/20150610/518935.htm,2015-06-14,電動車界的蘋果 Gogoro 智慧雙輪 6月 17 日公佈售價 
110,3C,http://www.ettoday.net/news/20150610/518930.htm,2015-06-14,快訊／陳柏霖、郭雪芙代言！Sony Xperia Z3+ 6/15發表 
111,3C,http://www.ettoday.net/news/20150610/518575.htm,2015-06-14,深探Xperia Z3+日本開發團隊：螢幕、相機、音效與設計 
112,3C,http://www.ettoday.net/news/20150609/518610.htm,2015-06-14,"首款裸視 3D 的 4G 手機 M550 3D 售價 8,988 元 "
113,3C,http://www.ettoday.net/news/20150609/518601.htm,2015-06-14,防水防震抗摔的三星 S6 Active 發表 
114,3C,http://www.ettoday.net/news/20150609/518516.htm,2015-06-14,華為P8 lite與首款3合1功能4G平板MediaPad X2登台 
115,3C,http://www.ettoday.net/news/20150609/516857.htm,2015-06-14,大學生必備的超中肯貼圖 
116,3C,http://www.ettoday.net/news/20150609/518215.htm,2015-06-14,蘋果開發者大會重點總整理：3大系統革新與Apple Music 
117,3C,http://www.ettoday.net/news/20150609/518181.htm,2015-06-14,Apple Music 月底上線！可聽廣播、看影音、支援Siri 
118,3C,http://www.ettoday.net/news/20150609/518180.htm,2015-06-14,Watch OS 2 發表！讓智慧表可以看影片、用WeChat聊天 
119,3C,http://www.ettoday.net/news/20150609/518178.htm,2015-06-14,iOS 9 今年秋天更新！更智慧、強化語音、續航力更長 
120,地方,http://www.ettoday.net/news/20150614/520731.htm,2015-06-14,高雄少女生產騙說生理痛　新生娃塞衣櫥枉死 
121,地方,http://www.ettoday.net/news/20150614/520686.htm,2015-06-14,上山農作遭蜂螫　6旬翁返家休息突倒地不治 
122,地方,http://www.ettoday.net/news/20150614/520629.htm,2015-06-14,「謝謝警察讓我們不再分開」　失散17年母子派出所團圓 
123,地方,http://www.ettoday.net/news/20150614/520674.htm,2015-06-14,快訊／后豐大橋2男落水　1獲救1遭沖走 
124,地方,http://www.ettoday.net/news/20150614/520585.htm,2015-06-14,千萬元BMW i8停紅線　拖吊業「霸氣拖車」路人幫忙倒數 
125,地方,http://www.ettoday.net/news/20150614/520535.htm,2015-06-14,東區沒落！店租120萬跌到50萬　商仲：10年來前所未見 
126,地方,http://www.ettoday.net/news/20150613/520443.htm,2015-06-14,從小就跟爺爺捕魚！海大「船長畢業生」擁11船年薪百萬 
127,地方,http://www.ettoday.net/news/20150613/520417.htm,2015-06-14,惡駕駛拍掉加油槍再「揩油」　業者警告：別讓他加！ 
128,地方,http://www.ettoday.net/news/20150613/520350.htm,2015-06-14,高雄漁民越界放「籠具」　150艘嘉義漁船出海嗆聲 
129,地方,http://www.ettoday.net/news/20150613/520375.htm,2015-06-14,砸中捷運車廂！　文湖線「大型廣告看板」傾倒 
130,地方,http://www.ettoday.net/news/20150613/520341.htm,2015-06-14,偷排藍色廢水流滿地　介面光電前員工：現在都還有！ 
131,地方,http://www.ettoday.net/news/20150613/520306.htm,2015-06-14,把你們趕下車喔，看誰比較壞　台中131公車運將大暴走 
132,地方,http://www.ettoday.net/news/20150613/520283.htm,2015-06-14,高雄中寮山區垃圾袋驚見人頭？　檢警：大型犬類屍體 
133,地方,http://www.ettoday.net/news/20150613/520243.htm,2015-06-14,小六考be+going+to太難？　嘉縣6官員只有2位答對 
134,地方,http://www.ettoday.net/news/20150613/520276.htm,2015-06-14,屁孩錄取警專狂言　「有考試？我還以為是智力測驗！」 
135,地方,http://www.ettoday.net/news/20150613/520226.htm,2015-06-14,媽要我睡就沒醒了..921被埋86小時獲救！張景閎露面道謝 
136,地方,http://www.ettoday.net/news/20150613/520215.htm,2015-06-14,7年愛犬遭移工硬拖走「吃掉」　家屬淚喊：那是我家人 
137,地方,http://www.ettoday.net/news/20150613/520213.htm,2015-06-14,後車爆衝連撞兩次還肇逃　網友罵心虛！ 
138,地方,http://www.ettoday.net/news/20150612/520186.htm,2015-06-14,講師擋到學生　竟遭踹車拔雨刷追25km「考慮不教了」 
139,地方,http://www.ettoday.net/news/20150612/520165.htm,2015-06-14,涼一下？檳榔攤老闆將女嬰放冰櫃拍照被罵虐童 
140,地方,http://www.ettoday.net/news/20150612/520167.htm,2015-06-14,人有三急！BRT司機憋不住　一臉歹勢衝回駕駛座 
141,地方,http://www.ettoday.net/news/20150612/520173.htm,2015-06-14,熱心助嬤搶救噎昏阿公，他還是走了　畢業生悲慟致哀 
142,地方,http://www.ettoday.net/news/20150612/520162.htm,2015-06-14,東港漁市狗踩旗魚上還大口啃　工作人員：這銷全台灣的 
143,地方,http://www.ettoday.net/news/20150612/520083.htm,2015-06-14,營區說與30人樹蔭下割草　成功嶺役男昏倒不治死因待驗 
144,地方,http://www.ettoday.net/news/20150612/520081.htm,2015-06-14,馬路上揮拳又踹腿　狠男下一秒被追進騎樓 
145,地方,http://www.ettoday.net/news/20150612/519798.htm,2015-06-14,3分地甘蔗多到賣不出去　76歲阿公沿路問人要買嗎 
146,地方,http://www.ettoday.net/news/20150612/519898.htm,2015-06-14,比大學還難！　張錫銘獄中苦讀報考國中補校二次落榜 
147,地方,http://www.ettoday.net/news/20150612/519966.htm,2015-06-14,叫天叫爸也沒用！毒蟲被逮討救兵　地上打滾耍賴 
148,地方,http://www.ettoday.net/news/20150612/519921.htm,2015-06-14,空大招生出新招　5名教授組「叫獸團」發行單曲拍MV 
149,地方,http://www.ettoday.net/news/20150612/519920.htm,2015-06-14,總價超過2千萬！　台男穿20公斤重「黃金甲」入關被攔 
150,財經,http://www.ettoday.net/news/20150614/520684.htm,2015-06-14,遠雄：柯團隊一再惡搞、誣衊，打算提告 
151,財經,http://www.ettoday.net/news/20150614/520584.htm,2015-06-14,快訊／明(15)日汽、柴油各漲0.2、0.3元 
152,財經,http://www.ettoday.net/news/20150614/520560.htm,2015-06-14,馬總統與緝毒犬握手　訓練師：適當接觸OK 
153,財經,http://www.ettoday.net/news/20150614/520559.htm,2015-06-14,MERS疫情／壽險提升住院日額規格 
154,財經,http://www.ettoday.net/news/20150614/520521.htm,2015-06-14,兩岸傳播、電商論壇成果豐碩　建立互相共享交流平台 
155,財經,http://www.ettoday.net/news/20150613/520495.htm,2015-06-14,再槓柯文哲　遠雄：北市府一日三變、市長當眾誣衊 
156,財經,http://www.ettoday.net/news/20150613/520323.htm,2015-06-14,電商論壇廈門登場　廖尚文：社群、行動、大數據最關鍵 
157,財經,http://www.ettoday.net/news/20150613/520153.htm,2015-06-14,自住買盤穩　Q1花蓮房市交易逆勢成長2成 
158,財經,http://www.ettoday.net/news/20150613/516247.htm,2015-06-14,理財周刊／政府持續作多 高收益債看俏 
159,財經,http://www.ettoday.net/news/20150612/520174.htm,2015-06-14,業績「穩中求進」  寶成股東會通過配息1.5元 
160,財經,http://www.ettoday.net/news/20150612/520168.htm,2015-06-14,邱大展：台灣BOT搞成這樣，要跟中國統一很快了 
161,財經,http://www.ettoday.net/news/20150612/520159.htm,2015-06-14,涉雲豹裝甲車弊案？昱晶發聲明澄清 
162,財經,http://www.ettoday.net/news/20150612/520149.htm,2015-06-14,公開收購啟動前最後一刻　國票金急踩煞車：先緩緩 
163,財經,http://www.ettoday.net/news/20150612/520135.htm,2015-06-14,中信人壽今年FYP挑戰千億 
164,財經,http://www.ettoday.net/news/20150612/520123.htm,2015-06-14,「兩岸傳播、電商論壇」廈門登場　產學界熱烈參與 
165,財經,http://www.ettoday.net/news/20150612/516246.htm,2015-06-14,理財周刊／電信三雄面臨大洗牌 
166,財經,http://www.ettoday.net/news/20150612/520110.htm,2015-06-14,專訪／杜英宗：南山OIU首年保費衝50億　3年規劃登陸 
167,財經,http://www.ettoday.net/news/20150612/520105.htm,2015-06-14,「外銀教父」陳聖德出任北富銀董事 
168,財經,http://www.ettoday.net/news/20150612/520100.htm,2015-06-14,專訪／杜英宗：做保險公司比金控還要好 
169,財經,http://www.ettoday.net/news/20150612/520088.htm,2015-06-14,日圓大貶　業者：台灣機械產業3年內恐被打垮 
170,財經,http://www.ettoday.net/news/20150612/520077.htm,2015-06-14,宏達電陷低潮　潘思亮：企業都有轉型機會 
171,財經,http://www.ettoday.net/news/20150612/520061.htm,2015-06-14,北軒接手FRIDAYS　以4大方向全面革新 
172,財經,http://www.ettoday.net/news/20150612/520034.htm,2015-06-14,晶華捷絲旅月營收衝230萬　五年要展百家 
173,財經,http://www.ettoday.net/news/20150612/520036.htm,2015-06-14,雲林禁燃生媒　台電：限電恐成真 
174,財經,http://www.ettoday.net/news/20150612/516243.htm,2015-06-14,理財周刊／新鮮人 你該全球化了！ 
175,財經,http://www.ettoday.net/news/20150612/520028.htm,2015-06-14,永豐選擇權評論—6月份買權下移集中在9300點 
176,財經,http://www.ettoday.net/news/20150612/520024.htm,2015-06-14,永豐台指期評論—量縮區間盤整　空方持續掌控盤面優勢 
177,財經,http://www.ettoday.net/news/20150612/520010.htm,2015-06-14,好幸運！500萬頭獎刮刮樂　台南新化刮出 
178,財經,http://www.ettoday.net/news/20150612/520005.htm,2015-06-14,老電廠重生　萬大生態園區啟用 
179,財經,http://www.ettoday.net/news/20150612/519999.htm,2015-06-14,半導體併購潮　 蔡明介：中小企業被併不是壞事 
180,政治,http://www.ettoday.net/news/20150614/520769.htm,2015-06-14,評／初選當大選打　國民黨2016大選必有洪秀柱 
181,政治,http://www.ettoday.net/news/20150614/520728.htm,2015-06-14,朱立倫展現善意　允洪秀柱團隊進駐國民黨中央 
182,政治,http://www.ettoday.net/news/20150614/520703.htm,2015-06-14,評／頭過身就過！朱立倫、郝龍斌、洪秀柱的新三角關係 
183,政治,http://www.ettoday.net/news/20150614/520723.htm,2015-06-14,台胞赴陸免簽　陸委會：未公布細節，將進一步了解 
184,政治,http://www.ettoday.net/news/20150614/520710.htm,2015-06-14,快訊／遠雄想告柯P　北市發聲明回嗆：濫訟模糊焦點！ 
185,政治,http://www.ettoday.net/news/20150614/520705.htm,2015-06-14,洪秀柱46%民調逆轉勝　破防磚下一關17日中常會 
186,政治,http://www.ettoday.net/news/20150614/520699.htm,2015-06-14,暴雨淹水達50公分　台北市共傳40災情 
187,政治,http://www.ettoday.net/news/20150614/520667.htm,2015-06-14,洪秀柱激勵國民黨士氣　許淑華：換個民調比例也過關 
188,政治,http://www.ettoday.net/news/20150614/520651.htm,2015-06-14,蔡英文縫香包初體驗　龍頭粽子糗變枕頭 
189,政治,http://www.ettoday.net/news/20150614/520644.htm,2015-06-14,洪秀柱突破國民黨初選　蔡英文：盼一起支持18歲投票 
190,政治,http://www.ettoday.net/news/20150614/520622.htm,2015-06-14,被徵召仍會義不容辭？　王金平：現在不再談這個事情 
191,政治,http://www.ettoday.net/news/20150614/520611.htm,2015-06-14,小當家怎麼看辣炒空心菜？　柯文哲：隔岸觀火，先炒蛋 
192,政治,http://www.ettoday.net/news/20150614/520608.htm,2015-06-14,黨內仍有聲音支持王金平　朱立倫：最重要的是尊重制度 
193,政治,http://www.ettoday.net/news/20150614/520602.htm,2015-06-14,洪秀柱闖過初選　朱立倫：下週三親自主持中常會核備 
194,政治,http://www.ettoday.net/news/20150614/520576.htm,2015-06-14,柯文哲變身中華一番「小當家」　漫畫教做「巨蛋料理」 
195,政治,http://www.ettoday.net/news/20150614/520582.htm,2015-06-14,國民黨初選外界有許多陰謀　郝龍斌：我們以洪秀柱為榮 
196,政治,http://www.ettoday.net/news/20150614/520566.htm,2015-06-14,洪秀柱民調過關　馬英九：身為黨員一定支持黨提名人選 
197,政治,http://www.ettoday.net/news/20150614/520564.htm,2015-06-14,洪秀柱闖過國民黨總統初選　中常委：應不會有變數 
198,政治,http://www.ettoday.net/news/20150614/520492.htm,2015-06-14,小三通廈金往返30分鐘　郝龍斌：縮短空間和心理距離 
199,政治,http://www.ettoday.net/news/20150614/520557.htm,2015-06-14,洪秀柱通過國民黨初選　談副手條件「比我年輕一點」 
200,政治,http://www.ettoday.net/news/20150614/520532.htm,2015-06-14,「汝思華，吾思台！」　北高聯教育部抗議發明神標 
201,政治,http://www.ettoday.net/news/20150614/520541.htm,2015-06-14,快訊／國民黨總統初選　洪秀柱46%過防磚門檻 
202,政治,http://www.ettoday.net/news/20150614/520533.htm,2015-06-14,洪秀柱民調將公佈　柯文哲：我參選時民調也不高 
203,政治,http://www.ettoday.net/news/20150613/520395.htm,2015-06-14,吳陳鐶升任大法官　表明反廢死、同性婚姻立場 
204,政治,http://www.ettoday.net/news/20150613/520507.htm,2015-06-14,柯文哲夜巡中捷工地　「避免工安問題」盼盡快復工 
205,政治,http://www.ettoday.net/news/20150613/520468.htm,2015-06-14,拼錯「credit」自比老布希　陳彥伯：我有當總統的潛力 
206,政治,http://www.ettoday.net/news/20150613/520410.htm,2015-06-14,稱金門是兩岸重要角色　蔡英文憶「政績」小三通 
207,政治,http://www.ettoday.net/news/20150613/520391.htm,2015-06-14,「民調未過也應徵召洪秀柱」　李艷秋提5大理由 
208,政治,http://www.ettoday.net/news/20150613/520385.htm,2015-06-14,與緝毒犬「Yogi」握手　馬總統自嘲：牠不介意 
209,政治,http://www.ettoday.net/news/20150613/520379.htm,2015-06-14,蔡英文擁家族企業海霸王？　民進黨：謠言、下週一報案 
210,影劇,http://www.ettoday.net/news/20150614/520781.htm,2015-06-14,防空洞來了！《主君》蘇志燮7月會老婆　購票日期公開 
211,影劇,http://www.ettoday.net/news/20150614/520782.htm,2015-06-14,洩納豆女友親密照挨轟　高廷宇認錯「已一一表示抱歉」 
212,影劇,http://www.ettoday.net/news/20150614/520779.htm,2015-06-14,證實參演《侏羅紀》續集！克里斯帕特：再演38部都行 
213,影劇,http://www.ettoday.net/news/20150614/520770.htm,2015-06-14,竇智孔找「毛小孩」當伴郎　買裸鑽預備向女友求婚 
214,影劇,http://www.ettoday.net/news/20150614/520774.htm,2015-06-14,「周一情侶」久違合體！　Gary爆笑洩kiss宋智孝秘密 
215,影劇,http://www.ettoday.net/news/20150614/520773.htm,2015-06-14,周杰倫寶寶長這樣？昆凌放閃PO「周周收到的卡片」萌翻 
216,影劇,http://www.ettoday.net/news/20150614/520759.htm,2015-06-14,范冰冰後台遇林心如超有愛　開心捧著她的小臉講悄悄話 
217,影劇,http://www.ettoday.net/news/20150614/520757.htm,2015-06-14,「暮光女」克莉絲汀熱戀女助理！媽證實：她女友很可愛 
218,影劇,http://www.ettoday.net/news/20150614/520752.htm,2015-06-14,羅伯派汀森變「中東王子」？戴上阿拉伯頭巾帥氣擋不住 
219,影劇,http://www.ettoday.net/news/20150614/520747.htm,2015-06-14,劉畊宏曬2個月小女兒甜照　小手握拳露彎月笑眼超療癒 
220,影劇,http://www.ettoday.net/news/20150614/520738.htm,2015-06-14,如何同時哄雙胞胎？黑人手裡抱1個餵奶　腳上還搖啊搖 
221,影劇,http://www.ettoday.net/news/20150614/520694.htm,2015-06-14,黃子佼拍戲認真入戲　私下大方談「必娶女人」類型 
222,影劇,http://www.ettoday.net/news/20150614/520630.htm,2015-06-14,本土劇女星遭入戲觀眾狂打　兒子哭求：不要演了 
223,影劇,http://www.ettoday.net/news/20150614/520670.htm,2015-06-14,Joanna「夏威夷之夜」穿花襯衫　應景吃生蠔開嗓 
224,影劇,http://www.ettoday.net/news/20150614/520730.htm,2015-06-14,《超人》書俊癟嘴想把跌倒椅子扶起　成功過程萌到爆表 
225,影劇,http://www.ettoday.net/news/20150614/520671.htm,2015-06-14,《孤單北半球》歐得洋陪經紀人抗癌3年　帶癌友爬玉山 
226,影劇,http://www.ettoday.net/news/20150614/520726.htm,2015-06-14,慧慈久違現身桃園車站！　嫩穿粉紅洋裝網驚讚：腿超美 
227,影劇,http://www.ettoday.net/news/20150614/520672.htm,2015-06-14,梁詠琪大眼萌娃Sofia出生100天　禮金全捐給尼泊爾 
228,影劇,http://www.ettoday.net/news/20150614/520720.htm,2015-06-14,少女時代回歸倒數！　潤娥戴墨鏡也有超萌表情 
229,影劇,http://www.ettoday.net/news/20150614/520715.htm,2015-06-14,女模陳韋利被診斷癌前病變！　臉書寫800字散播正能量 
230,影劇,http://www.ettoday.net/news/20150614/520573.htm,2015-06-14,史上最幼齒郭襄「張雪迎」1997年出生　網友：下個楊冪 
231,影劇,http://www.ettoday.net/news/20150614/520721.htm,2015-06-14,彭于晏竇驍愛上同一個「她」！女主角宣告退出三角戀 
232,影劇,http://www.ettoday.net/news/20150614/520691.htm,2015-06-14,色情網站驚見昔日半裸辣照　薇薇安：我該高興還是該哭 
233,影劇,http://www.ettoday.net/news/20150614/520689.htm,2015-06-14,中島美嘉搭電車玩自拍　煙燻眼+法令紋劣化成半百老婦 
234,影劇,http://www.ettoday.net/news/20150614/520706.htm,2015-06-14,納豆，你為女友變了…　唐從聖PO抱怨文卻流露兄弟真情 
235,影劇,http://www.ettoday.net/news/20150614/520656.htm,2015-06-14,凸肚大嬸OUT　小甜甜布蘭妮大秀焦糖色馬甲線 
236,影劇,http://www.ettoday.net/news/20150614/520701.htm,2015-06-14,《功夫》啞巴妹黃聖依8年前已婚！認了楊子說的是事實 
237,影劇,http://www.ettoday.net/news/20150614/520697.htm,2015-06-14,李光洙哄女友吃飯甜蜜4步驟　粉絲全乖乖張嘴「阿～」 
238,影劇,http://www.ettoday.net/news/20150614/520677.htm,2015-06-14,阿喜2天拼6通告　省時求快「整組穿好」直接睡 
239,影劇,http://www.ettoday.net/news/20150614/520688.htm,2015-06-14,王大陸拍戲重摔頭部急送醫！苦喊：不是拍校園青春片嗎 
